roi,mean_delta_beta,ci_lo_delta_beta,ci_hi_delta_beta,cohens_d_delta,mean_beta_shift_unique,ci_lo_shift,ci_hi_shift,cohens_d_shift,p_simes_unique_shift,mean_beta_drift_unique,ci_lo_drift,ci_hi_drift,cohens_d_drift,p_simes_unique_drift,p_simes_delta_beta,n_vox
10_Left_Amygdala.nii,-0.00014799827791370476,-0.006104365741087436,0.007584720388319356,-0.011437399712411787,-0.00038690297828663714,-0.005084647444248955,0.002194890380415441,-0.05945934707156424,0.30879561457898025,-0.00023890470037293314,-0.00695146715344918,0.0027967819959992713,-0.028924166719288245,0.054837540499144834,0.430591415597112,106
10_Superior_Temporal_Gyrus_posterior_division_left.nii,0.054136816502099706,0.04475936639241537,0.06601901299862034,2.716901676780242,0.0590867038009235,0.05104407596759383,0.06873877231074504,3.5228440787763184,2.338393088942706e-08,0.004949887298823779,-0.0004317033876018034,0.009859161016523456,0.4962784991632362,0.22134491912100593,4.257467336748151e-07,392
10_Superior_Temporal_Gyrus_posterior_division_right.nii,0.04826664600877484,0.04109563297996844,0.06204794843082032,2.626307153981909,0.051684630215197876,0.04448175113018102,0.06051285339033961,3.3831124551750524,1.2771086179201204e-07,0.0034179842064230494,-0.002325055716546567,0.008419400607517764,0.32998156695975484,0.12566895084441657,6.473296029955909e-07,478
11_Left_Accumbens.nii,0.0003360651036397226,-0.00796731646520766,0.004908806967500067,0.02898974867921735,-2.547514673040103e-05,-0.005893647945003496,0.004447762650476816,-0.0025924268224371766,0.31887473535643424,-0.0003615402503701232,-0.004172195206834757,0.003059393870942783,-0.05207689304950475,0.36988697657896485,0.1616034271543672,10
11_Middle_Temporal_Gyrus_anterior_division_left.nii,0.03590181450944899,0.029804203411893947,0.04401260874552201,2.7025259842153235,0.03181694802090654,0.026797363911271178,0.03839400575642865,2.9098341028683845,6.13032589841638e-07,-0.004084866488542461,-0.009499719201480737,-0.0008836845923111794,-0.5227903578713196,0.014560519661285472,3.239402451106354e-06,165
11_Middle_Temporal_Gyrus_anterior_division_right.nii,0.017774865762702794,0.01227746715861787,0.02291008519492886,1.72527641981978,0.01932248891659612,0.014888420772077119,0.02392853342863746,2.223076185990906,6.23171115762372e-06,0.0015476231538933264,-0.005187158192878005,0.00480582423070951,0.18099866730487602,0.09603029982830476,2.3841681279031384e-06,114
12_Middle_Temporal_Gyrus_posterior_division_left.nii,0.01666305395621019,0.01168552393510569,0.02040353512126875,2.0177637758957743,0.018121957855967243,0.015104006578216688,0.021213539479336272,3.0945325953009064,6.072978391438049e-07,0.0014589038997570533,-0.0022968126916281958,0.004698332764946761,0.21784094205646157,0.0812586135292042,5.324640329758206e-05,365
12_Middle_Temporal_Gyrus_posterior_division_right.nii,0.022275229349963566,0.01766604864520851,0.028181578202096356,2.233644786924915,0.02594831160813383,0.02066472552780469,0.0316214178886786,2.473758993775349,2.0837336882844436e-08,0.003673082258170269,-0.006121933402236156,0.008232463034951256,0.2998953219153267,0.17299411280880822,2.205907414993702e-06,351
13_Middle_Temporal_Gyrus_temporooccipital_part_left.nii,0.011730141112307416,0.0024969537027541757,0.01944510833376353,0.7267803298479254,0.010678164818464805,0.005471190214230919,0.014893058916654291,1.188378266575209,1.1043520692385314e-05,-0.0010519762938426091,-0.0074442415552895495,0.004131651610581689,-0.09512246968535887,0.0009018287155501639,0.010626327383678977,341
13_Middle_Temporal_Gyrus_temporooccipital_part_right.nii,0.00231702510193568,-0.003853245594666883,0.011618227296937279,0.1620225066828073,0.0015922604036858329,-0.002567258055547315,0.004037807362100475,0.26666496655254485,7.435366616258404e-07,-0.0007247646982498437,-0.009530180335637082,0.004186354895131748,-0.058716489916553885,0.002460065057197396,0.0002758855348598217,424
14_Inferior_Temporal_Gyrus_anterior_division_left.nii,0.005912283336943642,0.0037512016071717586,0.007726230070958818,1.5447462393126472,0.0019424756866297695,-0.0006285912647667642,0.003862101038256151,0.46045826780678006,0.19093719884256605,-0.003969807650313869,-0.005169777497560249,-0.002460876058643854,-1.5306230891653858,0.08714667260442045,0.1985823698644274,89
14_Inferior_Temporal_Gyrus_anterior_division_right.nii,-0.00038099765831902445,-0.006294318961231717,0.003348737159679195,-0.04287318472239512,-0.00013916829774338377,-0.0031492800959332635,0.0027655219524364656,-0.024305611033465974,0.026079914819713945,0.0002418293605756403,-0.0029962634988457025,0.0039649973215907415,0.036118260227702655,0.016688995813214605,0.03312279702429147,92
14_Right_Lateral_Ventricle.nii,-0.0004005134771269631,-0.008542338124847513,0.006842755719510411,-0.027138373533320877,-0.0003471868349265184,-0.0053811306004747815,0.005109386825170235,-0.034610244668049336,0.138753935005413,5.332664220044711e-05,-0.0034076535066065597,0.0037063858596310616,0.007785329534491144,0.003135170492885215,0.05620393579176563,272
15_Inferior_Temporal_Gyrus_posterior_division_left.nii,0.004604201001218769,0.002772188826561243,0.007096784779894577,1.1199714405266539,0.004287717564849617,0.002622222350515644,0.005603923784660115,1.5104341064067899,0.012432676769037292,-0.0003164834363691535,-0.0018463968615100071,0.0014674061435889574,-0.09929785119174125,1.8337977869964453e-05,0.059269721575022895,327
15_Inferior_Temporal_Gyrus_posterior_division_right.nii,0.0028987431764641897,0.0006980814401059141,0.006371807775993477,0.5578907987638884,0.003704779187200094,0.002057142171381404,0.005423184647452633,1.1487882132979839,0.0043041547023109,0.0008060360107359073,-0.0010607018478627937,0.002311214467219957,0.2500647363603554,0.044070382704764745,0.004422509541913603,325
15_Right_Thalamus.nii,0.0035092134740241994,-0.005725770778033321,0.011748128585413523,0.2091345306395766,-0.001741921656366369,-0.006534867569699265,0.0028924096578004876,-0.1928836547823863,0.17915473088669212,-0.005251135130390567,-0.011108082129824705,-0.00040205678510790466,-0.5111001201368774,0.0007768712100113738,0.3185657374650679,80
16_Inferior_Temporal_Gyrus_temporooccipital_part_left.nii,0.007797400526133379,0.004149017670698748,0.013109009340871803,0.9326557387534422,0.0039520689257083385,-5.253146679572773e-05,0.006892017383365891,0.5992469104515568,0.042280570597871346,-0.003845331600425039,-0.006857995785674612,-0.0011930999235416006,-0.7073907537004117,0.0006618286320415441,0.0215014424444152,363
16_Inferior_Temporal_Gyrus_temporooccipital_part_right.nii,-0.003717562119363034,-0.010723860365970879,0.004088358284407555,-0.25950497530455174,-0.0003787481331411016,-0.0067439644061216214,0.0024858573190854796,-0.04785143981553535,0.04740180530441236,0.0033388139862219352,-0.0034264083801881424,0.0095928931368917,0.2648972768631447,0.032542005430688616,0.023551136592992485,342
16_Right_Caudate.nii,-0.0025448798193594283,-0.010387766526428909,0.003670060361554087,-0.18951592712931092,-0.003195592169077486,-0.008192281373187253,-4.903478283751321e-05,-0.42925963188497146,0.020646013004627525,-0.0006507123497180576,-0.006132495211155362,0.004794666946058627,-0.06157313518171362,0.06814926014299376,0.6610526708586941,45
17_Postcentral_Gyrus_left.nii,-0.00039739977360284785,-0.0070232564753579495,0.01034953405369128,-0.024949476706111084,0.001510931133664279,-0.001272816370670815,0.0035019531573788833,0.34019259117907946,0.03144108771776119,0.001908330907267128,-0.012684881830435963,0.007809535177458827,0.11344175367091776,0.01630590481929586,0.0010501698781690077,1362
17_Postcentral_Gyrus_right.nii,-0.005061739986584721,-0.013381875235312037,0.009015606290315297,-0.2483020817557192,-0.0009235153946632066,-0.005529301091201399,0.002527737787546649,-0.12130743089301554,0.00046256890083669366,0.0041382245919215094,-0.011242597429676388,0.010452651971760055,0.22978679284115447,0.006534585655008211,0.012631041304312588,1274
17_Right_Putamen.nii,-0.002191032544271269,-0.010601832438096497,0.002730453536338206,-0.1810589712689568,-0.00300847729439101,-0.008253735612638338,0.0027790279553764822,-0.2853589599605536,0.04533306102101554,-0.0008174447501197419,-0.005300713865246742,0.003375257448550874,-0.09730004577501723,0.12735503649042335,0.05068816818356207,5
18_Superior_Parietal_Lobule_left.nii,-0.006853877459965056,-0.02018164706037849,0.006836636081972564,-0.26282661930960194,0.0006015971851059787,-0.003975129402904762,0.006210408715960742,0.06214763681110068,0.007152414193586697,0.007455474645071046,-0.005826377408736895,0.018417737611079826,0.3222810242092913,0.06760420242692032,0.029578252906162717,726
18_Superior_Parietal_Lobule_right.nii,-0.003994884359630839,-0.01449864449124176,0.007484282944274376,-0.1873455423990633,0.007023656631407366,-0.0011543141621645444,0.014583358720325163,0.4659212129924919,0.04847191273865095,0.0110185409910382,0.0015732755477286043,0.018037329361185128,0.7051717109016897,0.015894526353499364,0.052804439600917186,452
19_Right_Hippocampus.nii,-0.003797464404802762,-0.00788958974886719,0.0018763573110449842,-0.4122447405959113,-0.0032035429411460675,-0.005914423311468243,1.9364828347674226e-05,-0.5690993455604344,0.0001035142214491294,0.0005939214636566934,-0.003153766013731277,0.0033282509007859767,0.09588239999328876,0.00604213911871411,0.005905928991798723,262
19_Supramarginal_Gyrus_anterior_division_left.nii,0.010870224176914566,0.0005982143198080442,0.02423387152151593,0.4825942925237553,0.005835874678104356,-0.00450394472613121,0.014431169627461837,0.32256267543107303,0.0008057588070683492,-0.0050343494988102,-0.012014964171338438,0.002603309890824454,-0.35735389442058246,0.00718478778047733,0.016591635012271,401
19_Supramarginal_Gyrus_anterior_division_right.nii,-0.0017077794992589772,-0.01239702903564895,0.010527695426569976,-0.07801881620334072,0.0032105003210648876,-0.005261765824147983,0.010809695796299349,0.20495181675233953,0.03719848107249948,0.004918279820323864,-0.002801467383153861,0.013945479240689814,0.30521430729686566,0.008262027409399393,0.03484487117616356,360
1_Frontal_Pole_left.nii,0.0029240944357504586,-0.0013837275461700924,0.008405467180353985,0.3128580347577016,0.0020011291982380834,-0.002036872298768558,0.005280053694684559,0.28949414874161233,0.011142946431368778,-0.0009229652375123824,-0.005659535619521673,0.0024718593201468833,-0.11972431874626861,0.04639872999351511,0.0848866320503351,3052
1_Frontal_Pole_right.nii,0.0050781466417100275,-0.00012943521415929065,0.010041798243270153,0.5158927490210611,0.0028203166718901527,-0.0014165355923230916,0.007334129215435628,0.33442983776822255,0.09631817058104652,-0.002257829969819876,-0.008487326582773196,0.002059342249298763,-0.2256579127555131,0.002428626035651195,0.031185118797372235,3841
20_Right_Amygdala.nii,-0.0016133115789086737,-0.004757004998958822,0.0022863712834501095,-0.24259418645518693,-0.00015605009559532278,-0.0021873182722923516,0.0016498424982272775,-0.04281986119844105,0.0017140185694696224,0.001457261483313352,-0.002284516675954205,0.004449850446916755,0.2275408514634131,0.04952938953861483,0.18517071335193594,149
20_Supramarginal_Gyrus_posterior_division_left.nii,0.02341619974702825,0.013080468222685122,0.03549185208146881,1.0941066382828053,0.01983002472468503,0.013032784014587379,0.026025703223010312,1.615096458190698,6.75583937357143e-07,-0.0035861750223432206,-0.015007041877216718,0.0021318799000885538,-0.23843798781429812,0.005245305094283598,1.920143831113951e-06,433
20_Supramarginal_Gyrus_posterior_division_right.nii,0.025378156681447155,0.02040143303896006,0.03358038794669087,2.1041545996379067,0.02420229334699482,0.019678248187558835,0.03066220615538916,2.3301521566023213,1.4862448200758e-07,-0.0011758633344523253,-0.0065040472617465175,0.003252636825575988,-0.12481045365003302,0.013403046278701264,1.598796164285767e-05,725
21_Angular_Gyrus_left.nii,0.009955071512032924,-0.004516036510706521,0.026280972288853906,0.3347532217069578,0.00551729727101027,-0.0019331337595981843,0.011498179459818363,0.42853273296766614,0.07474898144118457,-0.004437774241022639,-0.021942673982239553,0.00711956511279606,-0.16443909673527293,0.021120291120895175,0.08214785557582911,396
21_Angular_Gyrus_right.nii,0.002838650871365078,-0.0034493495187040354,0.008813888971483832,0.2420286801573503,0.0012701255437796227,-0.003926020957660969,0.005749942527481294,0.13635681730084215,0.0005615302601833203,-0.0015685253275854575,-0.007530143391633608,0.0030320756748950695,-0.1554401302042278,0.005655854858637428,4.608544021313665e-05,577
21_Right_Accumbens.nii,0.0015701488671813837,-0.0076067466074008485,0.01027716326390889,0.09174842287595529,-0.0031833906416499514,-0.005613850961036345,-7.262200553521501e-05,-0.6026185996483477,0.018122810853146924,-0.004753539508831335,-0.010861014364523228,0.0026666556558817877,-0.36930346190222973,0.00981764358576878,0.04304476236188521,7
22_Lateral_Occipital_Cortex_superior_division_left.nii,0.003657116638745123,-0.005162290643260241,0.01463129334023173,0.19282859056184326,-0.0012564850948950533,-0.007787777861301355,0.00429668225069335,-0.10887688939994594,0.022785649264431634,-0.0049136017336401765,-0.013521860063522642,0.0008393658202183923,-0.36677116323495723,0.0033428036665772666,0.005506671769259812,1929
22_Lateral_Occipital_Cortex_superior_division_right.nii,-0.0011538887464755997,-0.00958966466110022,0.00645223332192874,-0.07461097023802077,-0.0034698307323746983,-0.00957733331453727,0.004044069757442454,-0.26458095066414605,3.6936716467357624e-05,-0.002315941985899104,-0.007938004588618559,0.004481036332608742,-0.1938232571934226,0.008774888677600162,0.0007840324466631768,1841
23_Lateral_Occipital_Cortex_inferior_division_left.nii,-0.006252189469484631,-0.01657573449496604,0.006819493536745016,-0.2781435836684454,-0.00043133106783403886,-0.005111807109074803,0.003779690399394415,-0.0505856277168101,9.24374662191694e-05,0.00582085840165059,-0.0045126030094600695,0.013914936334990618,0.3281510524122608,0.028887398957564658,0.010564429707906085,858
23_Lateral_Occipital_Cortex_inferior_division_right.nii,-0.00022097140552187152,-0.013932148939466565,0.018384575413515958,-0.00715356595542703,0.0027862290199372687,-0.004141355753497111,0.009436490895489409,0.21371836870498778,0.06054771934443314,0.003007200425459141,-0.012258968570484523,0.011905047147331408,0.13625833305819693,0.006591076503626058,0.015895972604251987,779
24_Intracalcarine_Cortex_left.nii,0.009565438659440966,-0.007448839659092058,0.036629167830993244,0.23389979012824558,-0.003502198395966472,-0.022549711414015496,0.017309051345553043,-0.09134288033125575,0.6967044867334177,-0.01306763705540744,-0.02425055775067779,-0.005133951252819152,-0.714929588906356,0.01159536253769078,0.6651197618898916,190
24_Intracalcarine_Cortex_right.nii,0.009602572833694882,-0.010312207469000615,0.04443546913075351,0.19400490309400603,0.0013249207276816424,-0.020836848045682886,0.020433460697316032,0.03337237663312877,0.45805460722893754,-0.008277652106013238,-0.0283162532577409,0.002713752228472883,-0.2936640255012408,0.012244194764502732,0.03624706281188168,188
25_Frontal_Medial_Cortex_left.nii,0.005160795911527457,-0.007668657310280568,0.015892039185793183,0.22935703220085898,0.00320384474115773,-0.005085651077112387,0.009494341730805258,0.23151385458661417,0.07583381609970749,-0.0019569511703697224,-0.010628977856080744,0.005601562319873994,-0.12573905673055127,0.089474796932004,0.013858752101711445,117
25_Frontal_Medial_Cortex_right.nii,0.016560974370669276,0.003985763327916147,0.02967819329394895,0.6753869608077174,0.009660344869007187,0.0013940657496256087,0.019522871789944274,0.5608724880065015,0.004810649131437744,-0.006900629501662079,-0.01727137015583564,0.0006133665867074791,-0.4084382156544359,0.002006201272503057,0.011685337971746822,182
26_Juxtapositional_Lobule_Cortex_formerly_Supplementary_Motor_Cortex_left.nii,0.0064656322683141615,-0.0018273222238324297,0.025487802273188816,0.27909399890393216,0.010968689285783583,0.007688335998460857,0.014435852414599822,1.6678287782399088,0.0009839797089418187,0.004503057017469421,-0.016034542637499538,0.012515827731347863,0.19253307335115658,0.2313779837242342,0.0002717867385978392,310
26_Juxtapositional_Lobule_Cortex_formerly_Supplementary_Motor_Cortex_right.nii,0.00279519672503645,-0.010149590562587671,0.023727377453795852,0.08955207116642777,0.0032232387097124457,-0.0050339636046800185,0.009301311711075268,0.235198766696612,3.114994869199677e-05,0.0004280419846759992,-0.022474694371065515,0.008944374969705614,0.01704365383957813,0.06591925900700643,0.00030275540044880816,238
27_Subcallosal_Cortex_left.nii,0.0011077212524315723,-0.003919967410116629,0.0045460024727916794,0.1394103208027435,0.0006687812092664105,-0.002318335469847361,0.0033112868347665975,0.12338743306427591,0.0008068011635800342,-0.0004389400431651617,-0.0023112633719722035,0.0027116314345794865,-0.0960220466433251,0.0016666845023428061,0.009333238836440041,290
27_Subcallosal_Cortex_right.nii,0.0013020114706267388,-0.0020437197307999273,0.0043888219360309465,0.21194106588701245,0.0001392553757541009,-0.0017559209098091777,0.00218749214676433,0.03714895492262643,0.10266077057403711,-0.001162756094872637,-0.002993774598947485,0.001485622555497795,-0.27647776265455126,0.005686066048935093,0.005387792178168239,314
28_Paracingulate_Gyrus_left.nii,0.004840627662045665,-0.0030180005184843265,0.01777007188051513,0.252595539220647,0.0005563930431721491,-0.00458147727545591,0.005627556374926616,0.05673742689480658,0.008146399612086424,-0.00428423461887351,-0.013861948347626158,0.0006804499611143635,-0.33088544417855964,0.03470195635722896,0.12541737269900588,627
28_Paracingulate_Gyrus_right.nii,0.0018344798299293095,-0.005048342935739404,0.009330309453646513,0.1318056143031735,-0.001499690613900475,-0.005667986182561325,0.001259816982905761,-0.23216730581449738,0.004746811324790208,-0.003334170443829789,-0.00994781296144194,0.0020742545309677144,-0.2874808690388997,0.001590031533564,0.0504980173349497,745
29_Cingulate_Gyrus_anterior_division_left.nii,-0.001012047243766813,-0.009147916782022533,0.01008019847935595,-0.05549450726799822,-0.0014610311548330908,-0.005584146339820017,0.0022584698941234852,-0.19479599158013422,0.2766800087786764,-0.00044898391106627615,-0.010882078544244321,0.005256587700022129,-0.030983393082075674,0.040620341396426445,0.01680875310114624,452
29_Cingulate_Gyrus_anterior_division_right.nii,-0.0008667716143284961,-0.007615225915499988,0.00812154931019328,-0.05771296934765542,-0.001074300417892138,-0.004197496449556174,0.0018790720657100896,-0.18295468144107352,0.00980156523235314,-0.00020752880356363936,-0.009270797312403522,0.004733805255694256,-0.016384818772960295,0.02929390174347626,0.028761586078852583,518
2_Insular_Cortex_left.nii,0.004188850193878792,0.0005004399216985702,0.01039127034236093,0.46413779553682644,0.002798238746175022,0.0004967755076972082,0.005763307207435462,0.5535212504354877,0.007211902940070245,-0.0013906114477037679,-0.006924821308915009,0.0012001289967926195,-0.2009584564126896,0.006550908098121719,0.02195086667233364,579
2_Insular_Cortex_right.nii,0.006652175176346905,0.0012121029556805898,0.016481460025421443,0.4854196126282741,0.004292408892289539,0.0004456129941063795,0.00756716498546067,0.6219713093748296,0.004347310176097102,-0.0023597662840573663,-0.014205962502673936,0.001175532307897417,-0.21052177717911502,0.007445585724741195,0.04881948760473473,507
30_Cingulate_Gyrus_posterior_division_left.nii,0.002845104581665265,-0.002471044592719894,0.013722906810298217,0.2013012989012695,-0.006858217089147897,-0.010303440099231596,-0.0033522473635250855,-1.0230733904432745,0.011190307820038933,-0.009703321670813161,-0.019331485837024685,-0.005302130615603612,-0.8063279247811999,0.0031701897045317675,0.03723395095153324,537
30_Cingulate_Gyrus_posterior_division_right.nii,0.0023955727197702745,-0.004074798366780441,0.00996126133733362,0.1766472604240121,-0.001157746041432133,-0.005366238054814516,0.003659343725274623,-0.13221713369088542,0.0002972788978223919,-0.003553318761202408,-0.010533921412058033,0.0012596579902192412,-0.31752812263825486,6.475998096795483e-06,0.005347974501482428,499
31_Precuneous_Cortex_left.nii,0.0038405292828848944,-0.0028754570332139595,0.011049669209938792,0.28662900678097303,-0.003192052215751018,-0.00949303180935467,0.00271178747946031,-0.2711412651789293,0.021384581899741014,-0.007032581498635922,-0.015379572789751718,-0.001130388816043505,-0.5186287599757914,0.00010733962012628204,0.010278634223245427,1174
31_Precuneous_Cortex_right.nii,0.0028732487633843532,-0.005286795095438576,0.013557093487817262,0.161806108837086,0.0001521436060226781,-0.007091983185454217,0.009332118608113997,0.009614402029112833,0.11283756142445539,-0.002721105157361672,-0.012619925602675467,0.0038724877515261833,-0.17597797868201678,0.01867861885919069,0.011273063448307662,989
32_Cuneal_Cortex_left.nii,-0.002129314258981094,-0.015871584551144836,0.018585493499957695,-0.06634539804826001,-0.01359325382496198,-0.025648970855031247,0.0029461559037933793,-0.5041327123565557,0.004056268641603118,-0.011463939565980892,-0.022890769221479788,-0.002993104252899601,-0.6092327458855932,0.02222291561742716,0.01911208300529947,182
32_Cuneal_Cortex_right.nii,-0.0021530605951754376,-0.012523739682839916,0.013615960586254434,-0.08813973989074728,-0.009464562660218782,-0.01943113520494341,0.004776523574712829,-0.4176611745245173,0.009434507067598364,-0.007311502065043344,-0.013013364845870838,-0.001470769663155749,-0.6601312179539675,0.009049376942651802,0.02608971489021003,147
33_Frontal_Orbital_Cortex_left.nii,0.0016869709637117845,-0.0023576859776721945,0.007096303830704487,0.18949666458161948,0.0025027223932745464,-0.0008173514501816024,0.00487844369806024,0.46381400966700015,0.014863073901031252,0.0008157514295627644,-0.0026262853527555235,0.003313557877385043,0.1452179475119877,7.79537087631462e-05,0.0653553653201661,826
33_Frontal_Orbital_Cortex_right.nii,0.004696389102473912,3.181665545340338e-05,0.009014209173934098,0.5474735112499044,0.004654271260668228,0.0023940338455560838,0.0076431404321513395,0.9365290688049749,0.04555230712894799,-4.211784180568532e-05,-0.0036467926064712866,0.0028282970493430756,-0.006833945919137327,0.029035785084368944,0.04787520827088579,717
34_Parahippocampal_Gyrus_anterior_division_left.nii,0.002331986432525496,-0.0005576490965055103,0.006792634706667754,0.3442136613431242,-0.0003028903410755999,-0.0019164084266840493,0.0012944053249594283,-0.0985986140656662,0.06858927228572038,-0.002634876773601096,-0.006473135993832444,-0.0008690805121400844,-0.5522510953217263,0.0015739926940922517,0.10096942075902234,578
34_Parahippocampal_Gyrus_anterior_division_right.nii,-0.0043462141345990205,-0.007979775898418057,-0.0010557270117619397,-0.6537655150994588,-0.002263902213922183,-0.003656234417935476,4.1497580255777515e-05,-0.6689959764451643,0.018407031662658765,0.0020823119206768406,-0.00041015214371908465,0.0044093296057183705,0.44775577517967996,0.02630712319176774,0.0009710002666353804,621
35_Parahippocampal_Gyrus_posterior_division_left.nii,0.0029235603002487386,-0.0024643585347503784,0.011006986257413118,0.2317564707598768,-0.0015173723272926846,-0.00450416188448286,0.0037841424666206496,-0.20678929472547378,0.027733272430102235,-0.004440932627541427,-0.011014058682784184,-0.0011583791390515456,-0.50862024902476,0.12029020635734747,0.0062167158411901065,328
35_Parahippocampal_Gyrus_posterior_division_right.nii,0.00079054663045349,-0.00626960697877919,0.008622290036706684,0.05483329686172638,-0.002763266247794466,-0.006607228830417643,0.0018161694030416951,-0.34849650645956226,0.00896698398556045,-0.0035538128782479548,-0.00946723510170128,0.0006357042120083141,-0.3717062179130829,0.0011773843301875811,0.02583596942850778,287
36_Lingual_Gyrus_left.nii,-0.0007022931093819188,-0.010702049057297928,0.01065248443389461,-0.0341692754554858,-0.005453016301984771,-0.012477784830668087,0.0038693780971828136,-0.35305777698765617,0.016996805475740173,-0.004750723192602851,-0.01299075457164834,-7.707346447481843e-05,-0.40217294956562805,0.015002119551902138,0.26767386687581174,856
36_Lingual_Gyrus_right.nii,0.00473062676798182,-0.004117287347080574,0.015497099468411499,0.2523529091457707,-0.0006628766137975802,-0.006624503065466196,0.00802139813696386,-0.04877394251469783,0.00010576654652716116,-0.005393503381779407,-0.015025887501725819,-0.0006349182546923728,-0.42519886977756777,0.009532301461823796,0.0016405306693941149,827
37_Temporal_Fusiform_Cortex_anterior_division_left.nii,-9.9313555921435e-05,-0.002726636724673975,0.002666311584738363,-0.01943162649163432,-0.0017971590927040348,-0.004258872108870054,0.0009725749765504872,-0.36027688072758124,0.06256963750671744,-0.0016978455367825996,-0.0031890181870541027,-0.0001589922244324344,-0.5742570969463839,0.009465243897637197,0.16459428586873215,178
37_Temporal_Fusiform_Cortex_anterior_division_right.nii,-0.004410291165544513,-0.007331218922437867,-0.0016438624784286737,-0.8038308426225306,-0.0023815429640972534,-0.004185623596177571,-0.00019088342651734112,-0.621387404296405,0.04053092417463205,0.0020287482014472594,-0.00011699049664028085,0.003877766132292575,0.5309364250730433,0.024693854108399523,0.0336313356757091,157
38_Temporal_Fusiform_Cortex_posterior_division_left.nii,0.00031065920972088836,-0.0021842173655658844,0.002190007036687585,0.07538374653813074,-0.00042064744843386563,-0.002607307626177674,0.001064923570667617,-0.12398856376503707,0.06765271349233638,-0.0007313066581547541,-0.00273529705510791,0.000645403629088116,-0.23225061061006827,0.013012243530198205,0.01578372542651452,455
38_Temporal_Fusiform_Cortex_posterior_division_right.nii,-0.004461564685293675,-0.008838181056427823,0.001838350553953878,-0.4449863492944327,-0.0036521165701743283,-0.00593996019769983,-0.0013828373486135667,-0.837323108729436,0.08848200192917079,0.0008094481151193464,-0.003935491612864139,0.003374233541039462,0.12328170695970908,0.000724477740530036,0.16126543482483366,332
39_Temporal_Occipital_Fusiform_Cortex_left.nii,0.0037309067438360067,-0.004231443723187874,0.016086198688512614,0.1975755579036998,0.0004301931804785069,-0.006287385927240171,0.004459710242503829,0.043883117922610106,0.0063932933139380765,-0.003300713563357501,-0.014993476415506697,0.002418624252246856,-0.2169646115842532,0.004002091570636782,0.018204595892337392,430
39_Temporal_Occipital_Fusiform_Cortex_right.nii,0.003933496172754471,-0.005107586628953682,0.01890431237279772,0.1787541305064256,0.000643186152313414,-0.004612003467647077,0.007817353482647895,0.05452960586449607,0.010231604236539333,-0.003290310020441053,-0.016591364295326125,0.0016775222201282326,-0.22462107346316687,0.04601041148052797,0.0629227887807759,518
3_Superior_Frontal_Gyrus_left.nii,0.005837950243258818,0.00018258377975640823,0.015891461078051523,0.4099053612776368,0.0034680885726281977,-0.0009201132570984611,0.008367646017745837,0.3899960972527927,0.08355265861353361,-0.002369861670630627,-0.009302401400075929,0.0017706281380593912,-0.2332028405553668,0.010384383636661148,0.038085015789076034,1476
3_Superior_Frontal_Gyrus_right.nii,0.004691497456168688,-0.0003251160413521156,0.012502097226141083,0.391552827734871,0.0012693282716410381,-0.0017082809655463692,0.004345310936292592,0.21796348302278656,0.029588357497970515,-0.003422169184527651,-0.011498174238641828,0.0003153543297259569,-0.33755130687488555,0.003267795801321772,0.0005086825704582454,1213
40_Occipital_Fusiform_Gyrus_left.nii,-0.007310070222335647,-0.025726753329141372,0.014805826875187734,-0.1877411354111096,-0.004256818071513485,-0.014213201657699136,0.00664999749397884,-0.2095301509252674,0.08862814795932605,0.003053252150822148,-0.012631625256914431,0.01651739462354636,0.10875978378301625,0.02126666754283473,0.04128817679364665,597
40_Occipital_Fusiform_Gyrus_right.nii,0.010144934381942729,-0.00728101793128296,0.030444243424829567,0.27847369806093925,0.005436057200280434,-0.008268413016226188,0.01831451387218396,0.21170920593797238,0.01146437079098108,-0.004708877181662286,-0.018179819641310817,0.004549635347394495,-0.21952469041666453,0.0044339677678933665,0.1044489206305735,674
41_Frontal_Operculum_Cortex_left.nii,0.012528814176466006,0.00459268715764673,0.020704959329703725,0.804547122385318,0.010566407568747601,0.005375031265328372,0.015580748102895147,1.0779944213013277,0.004030183998179663,-0.0019624066077184,-0.008128375118441071,0.002597571335848976,-0.1932212917647438,0.0009387347244858269,0.011461739656523896,213
41_Frontal_Operculum_Cortex_right.nii,0.009200736406043427,-0.0018808708851868554,0.01627738280350865,0.5522050683623893,0.006642541108891694,-0.0004513122076526772,0.01202475119507613,0.5638691975893138,0.06748042926454498,-0.002558195297151734,-0.00882511281300078,0.00199546280066302,-0.2519425706776846,0.3294748255966328,0.22835603084643608,154
42_Central_Opercular_Cortex_left.nii,0.027376432016416652,0.01854622218838024,0.03955658754115168,1.3893964938064378,0.02821738437448329,0.022743118056750767,0.03520910111478652,2.3741609094044067,1.67690864360378e-06,0.0008409523580666478,-0.01001948562133198,0.006534532025676872,0.05771354978078167,0.020130317836705592,1.0554490774658134e-05,401
42_Central_Opercular_Cortex_right.nii,0.021786798398270288,0.014507101749161477,0.03291274946739626,1.2604129644701625,0.017329803206360104,0.012145264341214572,0.024989684451176695,1.4289981482147371,7.487430341917194e-07,-0.004456995191910193,-0.016986996933218746,0.0002094936396831238,-0.3234894946289187,0.013065611901465211,2.1928961464068745e-05,373
43_Parietal_Operculum_Cortex_left.nii,0.051807825124404065,0.042555925187467494,0.06107192694091321,2.918631894908774,0.04945279409136363,0.04357132376007651,0.05832518081965459,3.6210110236068176,1.981224881486662e-06,-0.002355031033040434,-0.007704186205503922,0.0033199372769999744,-0.22264186962861418,0.0010630957437885759,1.025366083467354e-05,190
43_Parietal_Operculum_Cortex_right.nii,0.009548535877241537,-0.004185814778999445,0.03140518949126703,0.2917883314331306,0.015642963002759906,0.007261302779807219,0.024124567530524214,0.9567077256809216,0.00023488276812662178,0.006094427125518364,-0.011955589711933643,0.015073656963845328,0.25797020220044053,0.005922266322261157,0.0001514865380073738,156
44_Planum_Polare_left.nii,0.04337581096023369,0.03270011209144653,0.053411953050283484,2.1905398199039414,0.043356517487301335,0.035402552015598075,0.0517382808747329,2.7674664931079933,2.3281748953026133e-07,-1.9293472932351023e-05,-0.003490925507840245,0.0037087617282313343,-0.002809185226782243,0.16698507178572192,4.693041561177898e-06,147
44_Planum_Polare_right.nii,0.04076221182029924,0.03427935538239743,0.046549135034208086,3.4854802439911543,0.03684304567479619,0.031014289970195674,0.04244902418171224,3.3341295729283793,1.3450517571012852e-07,-0.003919166145503053,-0.010415048283176229,8.360655128145707e-05,-0.40797034953026223,0.014412381334178862,1.0309288743783386e-06,145
45_Heschl's_Gyrus_includes_H1_and_H2_left.nii,0.09647459525604617,0.0786267414883756,0.11678111141422584,2.6706576494545162,0.09060837503737777,0.07711412758979834,0.10914241739271911,3.0356725949980943,4.7168057689546944e-07,-0.005866220218668404,-0.012548153040005592,0.0012297816734864726,-0.4443727723903846,0.31785088236473996,5.670050235131091e-06,81
45_Heschl's_Gyrus_includes_H1_and_H2_right.nii,0.06893442791459342,0.05825417436603647,0.08097940924742,3.1810079203027777,0.06333909021438237,0.05348148891840519,0.07754978609926126,2.8113090400725165,5.766250107422869e-06,-0.005595337700211054,-0.017228185806878918,-0.0014082917046323732,-0.4484147482806455,0.0010406675389974952,8.172691318656964e-06,70
46_Planum_Temporale_left.nii,0.09247821230446901,0.0774423383680998,0.11009905954183315,2.9900367253763656,0.09243226174384032,0.08113001086905064,0.10680821405710754,3.7900423543085924,8.117731464928243e-08,-4.595056062866408e-05,-0.007352854004617281,0.007955255999656807,-0.003145992929661483,0.14829316985882454,4.6642086674563176e-07,97
46_Planum_Temporale_right.nii,0.04207894623444881,0.03249002315343855,0.051889894831983634,2.268794143874317,0.03927138473348024,0.03295687547368628,0.04737683831762842,2.8579387343675515,8.26672863241192e-07,-0.002807561500968567,-0.009715821465986863,0.002665249048164299,-0.23951361647257324,0.04594510342134868,1.797774226586035e-05,82
47_Supracalcarine_Cortex_left.nii,0.008296156324471386,-0.013417350972694536,0.04678467089720978,0.1527142583303766,-0.00893195986282391,-0.030270823593523934,0.01802982324617859,-0.19462031321430628,0.20350744011305624,-0.0172281161872953,-0.03691900097269743,-0.0047531093902654035,-0.571146805496434,0.0014291457045626788,0.1072377782955825,50
47_Supracalcarine_Cortex_right.nii,0.018012024520787602,0.0033199165960192366,0.04037650701230854,0.5191446687618393,0.004189125953928456,-0.01162217648764813,0.022382692940505315,0.12831312144303728,0.07519509667287583,-0.01382289856685915,-0.025412696573721357,-0.006004001436247173,-0.7604838510732472,0.08349046662344216,0.14181413479205665,23
48_Occipital_Pole_left.nii,-0.0034747688659408507,-0.018109784719197202,0.011373941270325564,-0.12198785742576833,-0.002534769582898462,-0.015652997863635332,0.009438335673423883,-0.10545890285245471,0.637860351639291,0.0009399992830424075,-0.006951739523000488,0.009829783583931734,0.058156770125480275,0.03297906440873342,0.08297491475707247,835
48_Occipital_Pole_right.nii,0.0030857384965723173,-0.01165574351281079,0.016700248974387082,0.11320699207968926,0.0011547826104155736,-0.013422004160808425,0.012095460822185393,0.04796356620162419,0.5245468490994716,-0.0019309558861567383,-0.0084733349521066,0.005548784758296488,-0.14376935368766453,0.05840641500263318,0.11738956814203028,748
4_Left_Thalamus.nii,0.005052362607409575,-0.0036384598435755286,0.015129124751889822,0.2781550574044154,0.00040939991518880935,-0.003949575514829335,0.005883551427395366,0.04390192964742849,0.33350048140895877,-0.004642962692220768,-0.011110980360020343,0.0007005464284405992,-0.40534380686376487,0.0530536869618051,0.09140570825724652,123
4_Middle_Frontal_Gyrus_left.nii,0.005659424512655624,0.00021248026576024375,0.01190408403068857,0.5098529157528678,0.0028716903440729634,-0.0012301402696096807,0.007103318572680477,0.35828790171293007,1.1535598019294873e-05,-0.0027877341685826553,-0.007917855291148928,0.0008960762685196341,-0.337479745823728,0.004493898410323645,0.0001702236970168716,1180
4_Middle_Frontal_Gyrus_right.nii,0.005617734094989094,-0.0011524412727429404,0.010931380065163839,0.48759091687283457,0.0015233834004409806,-0.0030860448320945595,0.005678163282755181,0.18198521347668054,0.00018099984803654685,-0.004094350694548101,-0.008885458547813668,0.0005422031939248492,-0.45082117287931694,0.04240267532828248,4.7647171315226795e-05,1334
5_Inferior_Frontal_Gyrus_pars_triangularis_left.nii,0.0031723532603765104,-0.002969517992708893,0.010058377190602763,0.25627343459351754,0.0025916810458773854,-0.0030139486880214157,0.007394389918824842,0.2644864745556373,0.000902187157336075,-0.000580672214499123,-0.004511725201875452,0.00411100165404875,-0.0701175024059366,0.00289230328085829,0.0046548664127738625,365
5_Inferior_Frontal_Gyrus_pars_triangularis_right.nii,0.017126918756529455,0.004971273973540422,0.027464175167723193,0.783349109427148,0.01833776138560761,0.010750483083727735,0.025922048711902703,1.2545316777764979,0.0003891524648707846,0.0012108426290781587,-0.00859345243819893,0.0077310065213493035,0.07938095080878287,0.02345449604749779,0.011926104263991062,314
5_Left_Caudate.nii,0.0045876417069168444,-0.00236571776339864,0.010953149499864269,0.35502399681257296,-0.002825202825592132,-0.007489213015581254,0.0020375471016553077,-0.30722456141244886,0.40895680334732754,-0.007412844532508977,-0.01318321063816099,-0.0026104622790303297,-0.7282558171065122,0.04727264665720109,0.08692850359141903,49
6_Inferior_Frontal_Gyrus_pars_opercularis_left.nii,0.004199509949746989,-0.0037830698726755503,0.010545138598360393,0.30780218247887,0.006484983502527538,0.0021187731144433073,0.009976460218881452,0.8750954253405655,0.001200972458763469,0.0022854735527805528,-0.0025951789044155304,0.008759194755986877,0.21374787331827547,0.07271726850366822,0.004678433315029251,331
6_Inferior_Frontal_Gyrus_pars_opercularis_right.nii,0.006967367713293164,-0.0018726931615046718,0.018830698976212944,0.35311302535530653,0.005980590834087098,-0.001934939271855578,0.014191775182009961,0.38366020857688415,0.008163941115605212,-0.0009867768792060627,-0.007453249707730823,0.004186798611802365,-0.08923393932612306,0.01899451598559788,0.0016654864038275921,297
6_Left_Putamen.nii,-0.007807825410664087,-0.0211560683195633,0.005878800710606014,-0.30110872312628256,-0.004348816238847371,-0.009096849391209525,0.0012663744113406354,-0.4352086653404707,0.19833053588876426,0.0034590091718167135,-0.0063188123914952625,0.012316139807388176,0.192659672009306,0.5733588913880759,0.06314486478955257,5
7_Left_Pallidum.nii,-0.005014575513798281,-0.014921879210663085,0.007085689894915191,-0.23994899776367387,-0.003454343358316705,-0.015154027353545126,0.00614595536634999,-0.16968028174114502,0.5307018185311467,0.0015602321554815768,-0.009954004779960014,0.008960451205836783,0.08906400042456833,0.3626598979856668,0.10870173955837766,3
7_Precentral_Gyrus_left.nii,0.002943713074640474,-0.0008168752176757465,0.013504661839271903,0.257799483477081,0.003407504129017622,0.0017371737304466813,0.005124125247336659,1.0440540782747005,1.4799460656404806e-05,0.00046379105437714446,-0.009852520018240682,0.0038705112742388414,0.04413661114539446,0.0008923736703915223,5.476959726572889e-05,1674
7_Precentral_Gyrus_right.nii,-0.0008484197483878466,-0.007922929341713205,0.011860250540645828,-0.04789043072021636,-0.0015840620075068012,-0.0051750079018555405,0.0015526557280162313,-0.2421333584246107,0.0007620730505496472,-0.0007356422591189478,-0.013546160548042011,0.0041403940841403695,-0.05127684670235508,0.003836008402531651,0.019014356315632353,1481
8_Temporal_Pole_left.nii,0.006359241511611786,0.004181510353694089,0.008694519796306508,1.4784499259953836,0.007050445369422087,0.00528339217950499,0.008939577482018688,2.0205710252322984,3.1726214829248877e-06,0.0006912038578102966,-0.0017259367647330243,0.002024129404272035,0.20710723649953333,0.009329414137634192,2.321370391876626e-05,1249
8_Temporal_Pole_right.nii,0.006219704201258452,0.003150689939792328,0.0089603345270295,1.1074548572523886,0.0071839307840396716,0.004972815620475584,0.009312377377207184,1.7306731596925957,0.00012744617524881218,0.000964226582781219,-0.0025633917700646548,0.0029161658289487157,0.1965433899427101,0.009560089721061359,0.0001935558515913889,1264
9_Left_Hippocampus.nii,0.002136331815675827,-0.002898834426762231,0.0077680305230203904,0.21000954480595704,-0.0018862427593240845,-0.005013539751122327,0.0018690298177171858,-0.2904652824362531,0.07297099584701085,-0.004022574574999909,-0.009743235412311523,-0.0017771454971228476,-0.6164680240340469,0.0007025780537643615,0.004889977704350754,258
9_Superior_Temporal_Gyrus_anterior_division_left.nii,0.10763732403084011,0.09130000204006902,0.12858512489734222,3.084175458171966,0.10374029250184706,0.08919598410421742,0.122820451195356,3.2668908402020955,8.226578170558369e-08,-0.0038970315289930603,-0.010372329922590871,0.001305964760844496,-0.3519550487204968,0.014534238640013651,1.6124248153616424e-07,128
9_Superior_Temporal_Gyrus_anterior_division_right.nii,0.07964105949829568,0.06676922699362481,0.09196937561176678,3.296023685819509,0.0785049494770336,0.06666811150374401,0.09002053083588053,3.525371810307462,1.6787919451483248e-07,-0.0011361100212620662,-0.007378984021600528,0.0026502455208792432,-0.12456989763747066,0.2496177244334836,8.653110221203161e-08,132
